-- Seed data migration

-- users
INSERT INTO "users" ("id", "email", "first_name", "last_name", "image_url", "created_at", "updated_at", "is_world_admin") VALUES
('user_39Onr5mZrznDcpLxhjlFw8WiyKe', 'tinus.rautenbach@gmail.com', 'Tinus', 'Rautenbach', 'https://img.clerk.com/eyJ0eXBlIjoicHJveHkiLCJzcmMiOiJodHRwczovL2ltYWdlcy5jbGVyay5kZXYvb2F1dGhfZ29vZ2xlL2ltZ18zOU9ucjEyRlFxdzd5THUzbThTZDdYN3ZjVXEifQ', '2026-02-08T16:56:11.139Z', '2026-02-14T02:56:16.458Z', false),
('user_39bKd5UH0yMM38o0huO1RKzvj2h', 'daniel.rautenbach@gmail.com', 'Danie', 'Rautenbach', 'https://img.clerk.com/eyJ0eXBlIjoicHJveHkiLCJzcmMiOiJodHRwczovL2ltYWdlcy5jbGVyay5kZXYvb2F1dGhfZ29vZ2xlL2ltZ18zOWJLZENLc1VqMHZ4WTAxRWxpam42aFNYd3UifQ', '2026-02-13T03:10:16.578Z', '2026-02-13T03:10:56.093Z', false),
('user_39eJm4sdOXd5khTAmsy15DBAipy', 'tr@ls.co.za', 'tinus', 'rautenbach', 'https://img.clerk.com/eyJ0eXBlIjoiZGVmYXVsdCIsImlpZCI6Imluc18zOWU5MDBRQWZZV0ZSRDJydmFHbGQ0ZDFvbksiLCJyaWQiOiJ1c2VyXzM5ZUptNHNkT1hkNWtoVEFtc3kxNURCQWlweSIsImluaXRpYWxzIjoiVFIifQ', '2026-02-14T04:32:41.302Z', '2026-02-14T10:50:50.771Z', false),
('user_39eBXvl68Fa02uDF5fQqQ8fJ0d2', 'tinus.rautenbach@gmail.com', 'Tinus', 'Rautenbach', 'https://img.clerk.com/eyJ0eXBlIjoicHJveHkiLCJzcmMiOiJodHRwczovL2ltYWdlcy5jbGVyay5kZXYvb2F1dGhfZ29vZ2xlL2ltZ18zOWVCWHZSalc2VzR3QnlWQW5wWHoybFJWZkUifQ', '2026-02-14T03:24:59.935Z', '2026-02-14T11:36:50.765Z', false)
ON CONFLICT ("id") DO NOTHING;

-- communities
INSERT INTO "communities" ("id", "name", "type", "owner_id", "created_at") VALUES
('58f68a10-b123-4e19-90ed-7394d17540d2', 'StDavids', 'school', 'user_mock_123', '2026-02-08T13:38:43.609Z'),
('add04673-5758-4269-af67-9a5b523a25ed', 'stdavids', 'school', 'user_39Onr5mZrznDcpLxhjlFw8WiyKe', '2026-02-08T16:43:47.225Z'),
('2c32ef49-92c1-4d0b-886f-df9997626af0', 'St Davids Marist Inanda', 'school', 'user_39eBXvl68Fa02uDF5fQqQ8fJ0d2', '2026-02-14T03:28:06.218Z')
ON CONFLICT ("id") DO NOTHING;

-- community_members
INSERT INTO "community_members" ("id", "community_id", "user_id", "role", "can_manage_games", "joined_at") VALUES
('acbb29b5-cf13-4404-9e65-99cc9b10316c', '58f68a10-b123-4e19-90ed-7394d17540d2', 'user_mock_123', 'admin', true, '2026-02-08T13:38:43.609Z'),
('69a08af4-ad7d-414f-8d32-73ee92633f7b', 'add04673-5758-4269-af67-9a5b523a25ed', 'user_39Onr5mZrznDcpLxhjlFw8WiyKe', 'admin', true, '2026-02-08T16:43:47.225Z'),
('25e95918-3195-47b0-9cf9-d2de9153054b', '2c32ef49-92c1-4d0b-886f-df9997626af0', 'user_39eBXvl68Fa02uDF5fQqQ8fJ0d2', 'admin', true, '2026-02-14T03:28:06.218Z')
ON CONFLICT ("id") DO NOTHING;

-- teams
INSERT INTO "teams" ("id", "owner_id", "name", "short_code", "color", "created_at", "community_id") VALUES
('f5bc5e85-223e-4cc8-941a-58983ee11577', 'user_mock_123', 'aa', 'aaa', NULL, '2026-02-07T18:38:55.950Z', NULL),
('4bd7e20e-1417-4725-ade7-252797c144df', 'user_mock_123', 'bb', 'bbb', NULL, '2026-02-07T18:39:00.144Z', NULL),
('33eadb92-817c-4a5b-bd15-ce82d8dafdf4', 'user_mock_123', 'test1', 'T1', NULL, '2026-02-08T03:37:44.544Z', NULL),
('cefb704b-9126-46ce-8c30-a6f1a6b573e3', 'user_mock_123', 'Test', 'TST', NULL, '2026-02-08T03:45:12.238Z', NULL),
('cb4c2674-1794-450d-9843-710ce5405cae', 'user_39Onr5mZrznDcpLxhjlFw8WiyKe', '25-26 1st team', 'sd1', NULL, '2026-02-08T16:44:32.380Z', 'add04673-5758-4269-af67-9a5b523a25ed'),
('2f485f14-af5c-4d8f-9ee7-32d193b72939', 'user_39eBXvl68Fa02uDF5fQqQ8fJ0d2', 'SDMI 1st Team 25/26', 'SD1', NULL, '2026-02-14T03:25:42.357Z', '2c32ef49-92c1-4d0b-886f-df9997626af0'),
('b1498bd1-dbd3-472b-b5c3-665353e9964c', 'user_39eBXvl68Fa02uDF5fQqQ8fJ0d2', 'SDMI U15A 25/26', 'S15', NULL, '2026-02-14T04:51:52.015Z', NULL),
('bd9742a9-897f-4890-9305-fcf55939fc7e', 'user_mock_123', 'Test Warriors', 'TWR', NULL, '2026-02-08T04:00:12.563Z', '58f68a10-b123-4e19-90ed-7394d17540d2')
ON CONFLICT ("id") DO NOTHING;

-- athletes
INSERT INTO "athletes" ("id", "owner_id", "name", "created_at", "email", "birth_date", "status", "first_name", "surname", "is_world_available", "community_id", "merged_into_id") VALUES
('6e8a8fbd-21f4-42f3-8aac-b2f4b7f132f1', 'user_mock_123', 'aaa', '2026-02-08T13:59:32.920Z', NULL, NULL, 'active', NULL, NULL, false, NULL, NULL),
('c5c8ab38-14b9-4522-aa40-1fc5391dfe2c', 'user_mock_123', 'LeBron James', '2026-02-08T03:49:45.158Z', NULL, NULL, 'active', NULL, NULL, false, NULL, NULL),
('dd77c5aa-753d-4fd2-a181-b01f86d5f54c', 'user_mock_123', 'Anthony Davis', '2026-02-08T03:49:45.158Z', NULL, NULL, 'active', NULL, NULL, false, NULL, NULL),
('267ead09-795b-462f-b574-bc06389edc95', 'user_mock_123', 'Austin Reaves', '2026-02-08T03:49:45.158Z', NULL, NULL, 'active', NULL, NULL, false, NULL, NULL),
('126ccf11-33a2-4355-8654-0be63c98daa7', 'user_mock_123', 'Jayson Tatum', '2026-02-08T03:50:00.380Z', NULL, NULL, 'active', NULL, NULL, false, NULL, NULL),
('cd057802-15c5-4088-9607-28c1a90d2cfd', 'user_mock_123', 'Jaylen Brown', '2026-02-08T03:50:00.380Z', NULL, NULL, 'active', NULL, NULL, false, NULL, NULL),
('5d35ffb7-ded8-4a44-8f97-b1b634ac4f0b', 'user_mock_123', 'Kristaps Porzingis', '2026-02-08T03:50:00.380Z', NULL, NULL, 'active', NULL, NULL, false, NULL, NULL),
('f8ff5fe6-3af8-4d61-8a96-df3ca389bf7a', 'user_mock_123', 'Derrick White', '2026-02-08T03:50:00.380Z', NULL, NULL, 'active', NULL, NULL, false, NULL, NULL),
('c9bc13e1-2d34-431e-b816-d2a2868b4b41', 'user_mock_123', 'Stephen Curry', '2026-02-08T04:00:12.567Z', NULL, NULL, 'active', NULL, NULL, false, NULL, NULL),
('8b7d4951-dc4e-4849-bea1-335906ba999e', 'user_mock_123', 'Klay Thompson', '2026-02-08T04:00:12.569Z', NULL, NULL, 'active', NULL, NULL, false, NULL, NULL),
('e9961a05-deca-45c2-b37e-599f6e3806d3', 'user_mock_123', 'Draymond Green', '2026-02-08T04:00:12.571Z', NULL, NULL, 'active', NULL, NULL, false, NULL, NULL),
('3861fd06-be62-4298-ba1c-db71a303f8b6', 'user_mock_123', 'bbb', '2026-02-08T13:59:35.949Z', NULL, NULL, 'active', NULL, NULL, false, NULL, NULL),
('0f72601f-7db5-424c-82eb-b6db7af85d77', 'user_mock_123', 'ccc', '2026-02-08T13:59:38.850Z', NULL, NULL, 'active', NULL, NULL, false, NULL, NULL),
('1eeb707a-e6ec-4e57-8fd5-675a9c0b42f3', 'user_mock_123', 'ddd', '2026-02-08T13:59:44.828Z', NULL, NULL, 'active', NULL, NULL, false, NULL, NULL),
('52542059-33f6-45fc-8b2a-e79b83472445', 'user_mock_123', 'eee', '2026-02-08T13:59:48.401Z', NULL, NULL, 'active', NULL, NULL, false, NULL, NULL),
('8b7932eb-b0c5-4acb-bb51-24de25fc36f9', 'user_mock_123', 'fff', '2026-02-08T14:00:01.547Z', NULL, NULL, 'active', NULL, NULL, false, NULL, NULL),
('f62af3d3-991b-4ad8-89be-77ca57dac2b6', 'user_mock_123', 'baasdaaa', '2026-02-08T06:40:11.879Z', NULL, NULL, 'active', NULL, NULL, false, NULL, NULL),
('875238bd-6a6e-48a0-954c-ea03e7f416fd', 'user_mock_123', 'API Test Player', '2026-02-08T06:26:24.402Z', NULL, NULL, 'active', NULL, NULL, false, NULL, NULL),
('e424e2e9-2a4f-4c90-abce-fc0a0e945a8e', 'user_mock_123', 'API Test Player', '2026-02-08T07:22:30.093Z', NULL, NULL, 'active', NULL, NULL, false, NULL, NULL),
('3ce74b81-25e1-4dd9-bae9-dff73fc45bd9', 'user_mock_123', 'API Test Player', '2026-02-08T07:48:45.032Z', NULL, NULL, 'active', NULL, NULL, false, NULL, NULL),
('1ad7dd8e-212a-4dac-a5a6-1902b9e13de8', 'user_mock_123', 'API Test Player', '2026-02-08T06:33:02.241Z', NULL, NULL, 'active', NULL, NULL, false, NULL, NULL),
('100b7215-ce67-450d-ad66-9114ef776a5d', 'user_mock_123', 'API Test Player', '2026-02-08T07:26:14.307Z', NULL, NULL, 'active', NULL, NULL, false, NULL, NULL),
('80d393e0-9a13-482e-9200-9262f1f62f15', 'user_mock_123', 'API Test Player', '2026-02-08T04:18:34.933Z', NULL, NULL, 'active', NULL, NULL, false, NULL, NULL),
('b2a99ec8-42cb-4d35-ae17-d38b42fadf82', 'user_mock_123', 'API Test Player', '2026-02-08T07:26:28.243Z', NULL, NULL, 'active', NULL, NULL, false, NULL, NULL),
('2ae3ea61-590c-451b-90b1-c4fb4dcbec29', 'user_mock_123', 'API Test Player', '2026-02-08T07:53:08.231Z', NULL, NULL, 'active', NULL, NULL, false, NULL, NULL),
('66176ec0-6c18-42f1-8ddb-dd0187e3867d', 'user_mock_123', 'API Test Player', '2026-02-08T06:35:50.807Z', NULL, NULL, 'active', NULL, NULL, false, NULL, NULL),
('f48bdec7-d723-420f-aadb-945ade2f1a21', 'user_mock_123', 'API Test Player', '2026-02-08T04:21:09.018Z', NULL, NULL, 'active', NULL, NULL, false, NULL, NULL),
('092fec20-b461-44d0-9fdf-ab847a2a2615', 'user_mock_123', 'ttt', '2026-02-08T04:24:31.513Z', NULL, NULL, 'active', NULL, NULL, false, NULL, NULL),
('a91fb27f-9b68-4042-8c0f-3faf227c0c93', 'user_mock_123', 'API Test Player', '2026-02-08T04:24:34.557Z', NULL, NULL, 'active', NULL, NULL, false, NULL, NULL),
('1b257d5c-3a9a-4ce7-966c-c5f105da51fb', 'user_mock_123', 'API Test Player', '2026-02-08T07:57:17.196Z', NULL, NULL, 'active', NULL, NULL, false, NULL, NULL),
('fa369dc2-e263-4459-af86-c0dbde8c2d98', 'user_mock_123', 'API Test Player', '2026-02-08T06:39:55.223Z', NULL, NULL, 'active', NULL, NULL, false, NULL, NULL),
('c733d9cf-132a-4dff-86d1-9e0286b3ac86', 'user_mock_123', 'dddd', '2026-02-08T06:40:08.208Z', NULL, NULL, 'active', NULL, NULL, false, NULL, NULL),
('4131c9ad-e985-4910-8caa-5a7ab187dbde', 'user_mock_123', 'API Test Player', '2026-02-08T08:06:22.120Z', NULL, NULL, 'active', NULL, NULL, false, NULL, NULL),
('f735b03b-0dca-4698-9b65-4a9af62fe059', 'user_mock_123', 'API Test Player', '2026-02-08T07:28:24.858Z', NULL, NULL, 'active', NULL, NULL, false, NULL, NULL),
('04cf1ef5-b9bb-4ca9-8565-99f0519b4654', 'user_mock_123', 'API Test Player', '2026-02-08T04:25:24.348Z', NULL, NULL, 'active', NULL, NULL, false, NULL, NULL),
('32564817-5e2c-4cfc-9f33-af443eb6e02c', 'user_mock_123', 'API Test Player', '2026-02-08T07:32:14.891Z', NULL, NULL, 'active', NULL, NULL, false, NULL, NULL),
('328f7146-006c-428d-afe2-3fd50b5c6724', 'user_mock_123', 'API Test Player', '2026-02-08T06:50:12.261Z', NULL, NULL, 'active', NULL, NULL, false, NULL, NULL),
('2b12f1ba-6ddb-4f85-af7b-e9e692214f20', 'user_mock_123', 'API Test Player', '2026-02-08T07:12:35.396Z', NULL, NULL, 'active', NULL, NULL, false, NULL, NULL),
('e666aeb7-258b-429a-9beb-a758f502f908', 'user_39Onr5mZrznDcpLxhjlFw8WiyKe', 'Daniel', '2026-02-08T16:44:50.398Z', NULL, NULL, 'active', NULL, NULL, false, NULL, NULL),
('0cfe898a-4da9-45d3-8822-0aada8fe0ea8', 'user_mock_123', 'API Test Player', '2026-02-08T05:20:49.366Z', NULL, NULL, 'active', NULL, NULL, false, NULL, NULL),
('27fe41bb-8c95-435e-916a-40be4a5d22bb', 'user_39Onr5mZrznDcpLxhjlFw8WiyKe', 'Kelvin', '2026-02-08T16:58:11.291Z', NULL, NULL, 'active', NULL, NULL, false, NULL, NULL),
('3c5cc46c-c24d-46ea-be19-10c8ff5add6b', 'user_39Onr5mZrznDcpLxhjlFw8WiyKe', 'Nathan', '2026-02-08T16:58:16.647Z', NULL, NULL, 'active', NULL, NULL, false, NULL, NULL),
('58a6fb3e-2008-48c1-8523-ed35264141e7', 'user_39Onr5mZrznDcpLxhjlFw8WiyKe', 'Thendo', '2026-02-08T17:00:30.975Z', NULL, NULL, 'active', NULL, NULL, false, NULL, NULL),
('8d2850cb-3f6f-4c31-b31c-67147f4a7177', 'user_mock_123', 'API Test Player', '2026-02-08T07:34:45.064Z', NULL, NULL, 'active', NULL, NULL, false, NULL, NULL),
('d7d50a7c-6a0e-4a2e-b310-fadcad361173', 'user_39Onr5mZrznDcpLxhjlFw8WiyKe', 'Tadi', '2026-02-08T17:00:36.307Z', NULL, NULL, 'active', NULL, NULL, false, NULL, NULL),
('b38d2a5d-b7c9-48d2-80a4-1c58fe5a727f', 'user_39Onr5mZrznDcpLxhjlFw8WiyKe', 'Ale', '2026-02-08T17:00:40.787Z', NULL, NULL, 'active', NULL, NULL, false, NULL, NULL),
('f3522fae-b230-4dad-b585-6f3446dbbd9b', 'user_39Onr5mZrznDcpLxhjlFw8WiyKe', 'Wayne', '2026-02-08T17:00:45.754Z', NULL, NULL, 'active', NULL, NULL, false, NULL, NULL),
('0075e6e6-6ced-4f48-b1fd-36c05942c1c2', 'user_mock_123', 'API Test Player', '2026-02-08T05:29:24.398Z', NULL, NULL, 'active', NULL, NULL, false, NULL, NULL),
('2bbf681b-37dd-43e5-aaae-d5c12e58e929', 'user_39Onr5mZrznDcpLxhjlFw8WiyKe', 'Matt', '2026-02-08T17:00:52.661Z', NULL, NULL, 'active', NULL, NULL, false, NULL, NULL),
('d63fba81-c7f0-4b3f-9409-ffacd8aef7c3', 'user_39Onr5mZrznDcpLxhjlFw8WiyKe', 'Bhekwa', '2026-02-10T14:24:50.958Z', NULL, NULL, 'active', NULL, NULL, false, NULL, NULL),
('0aabc7df-05a5-4a26-b934-db6f750a7059', 'user_39eBXvl68Fa02uDF5fQqQ8fJ0d2', 'Mathew', '2026-02-14T03:26:00.561Z', NULL, NULL, 'active', NULL, NULL, false, NULL, NULL),
('0d6d1607-2f1b-4b0c-b2ec-cd17097c2989', 'user_mock_123', 'API Test Player', '2026-02-08T07:14:09.885Z', NULL, NULL, 'active', NULL, NULL, false, NULL, NULL),
('7c048128-6edd-4729-9978-9b7fa6c9e7de', 'user_39eBXvl68Fa02uDF5fQqQ8fJ0d2', 'Lizwe', '2026-02-14T03:27:36.466Z', NULL, NULL, 'active', NULL, NULL, false, NULL, NULL),
('0dbf074a-69d8-4e7f-984d-d908b24366a3', 'user_39eBXvl68Fa02uDF5fQqQ8fJ0d2', 'Ethan', '2026-02-14T03:27:48.720Z', NULL, NULL, 'active', NULL, NULL, false, NULL, NULL),
('2698d1da-7d89-4c70-b814-00c91a4d35b2', 'user_mock_123', 'API Test Player', '2026-02-08T07:18:56.595Z', NULL, NULL, 'active', NULL, NULL, false, NULL, NULL),
('42495845-e913-4be2-9d10-a23dd3f884bc', 'user_mock_123', 'API Test Player', '2026-02-08T13:51:41.587Z', NULL, NULL, 'active', NULL, NULL, false, NULL, NULL),
('585ca38f-a9d7-42df-8e1c-0b170b68b84f', 'user_39eBXvl68Fa02uDF5fQqQ8fJ0d2', 'Lucas', '2026-02-14T04:52:58.326Z', NULL, NULL, 'active', NULL, NULL, false, NULL, NULL),
('a99d1aa9-99dc-4317-b4eb-7a634e02264c', 'user_39eBXvl68Fa02uDF5fQqQ8fJ0d2', 'Blake', '2026-02-14T04:53:22.632Z', NULL, NULL, 'active', NULL, NULL, false, NULL, NULL),
('f1a94359-9838-440e-b369-1ece065f9b46', 'user_mock_123', 'API Test Player', '2026-02-08T13:53:15.409Z', NULL, NULL, 'active', NULL, NULL, false, NULL, NULL),
('f0d04872-ad81-4115-8ede-e65b9cc0eef0', 'user_39eBXvl68Fa02uDF5fQqQ8fJ0d2', 'Liam', '2026-02-14T04:53:36.302Z', NULL, NULL, 'active', NULL, NULL, false, NULL, NULL),
('a0356e40-bdc3-4696-9ac2-98e7a7d57826', 'user_mock_123', 'API Test Player', '2026-02-08T07:37:17.888Z', NULL, NULL, 'active', NULL, NULL, false, NULL, NULL),
('48e0de19-ebb3-4ae1-9447-abd28989e568', 'user_39eBXvl68Fa02uDF5fQqQ8fJ0d2', 'Ayam', '2026-02-14T04:54:00.025Z', NULL, NULL, 'active', NULL, NULL, false, NULL, NULL),
('a7ee48b2-cfc2-4dd3-8d16-0dc8715ab41a', 'user_39eBXvl68Fa02uDF5fQqQ8fJ0d2', 'Ayama', '2026-02-14T04:54:09.142Z', NULL, NULL, 'active', NULL, NULL, false, NULL, NULL),
('7e0916c1-0440-4590-8cc8-fac0c68ebb8a', 'user_39eBXvl68Fa02uDF5fQqQ8fJ0d2', 'Akani', '2026-02-14T04:54:20.745Z', NULL, NULL, 'active', NULL, NULL, false, NULL, NULL),
('8a0f7ef1-c010-41ab-bd47-bf11eb228d69', 'user_39eBXvl68Fa02uDF5fQqQ8fJ0d2', 'Nala', '2026-02-14T04:54:31.293Z', NULL, NULL, 'active', NULL, NULL, false, NULL, NULL),
('21ee67b2-8ade-45d3-9aaa-e71138fc6a06', 'user_39eBXvl68Fa02uDF5fQqQ8fJ0d2', 'Sam', '2026-02-14T04:54:38.488Z', NULL, NULL, 'active', NULL, NULL, false, NULL, NULL),
('fa7eb219-e302-40a1-9fc2-bd26d0a9b24a', 'user_39eBXvl68Fa02uDF5fQqQ8fJ0d2', 'Rohan10', '2026-02-14T04:55:02.663Z', NULL, NULL, 'active', NULL, NULL, false, NULL, NULL),
('e1182a95-8d11-406b-bf47-a8d84c6d5392', 'user_mock_123', 'API Test Player', '2026-02-08T13:53:50.671Z', NULL, NULL, 'active', NULL, NULL, false, NULL, NULL),
('69554e3f-3c1d-4171-b770-40350a3e6cc8', 'user_mock_123', 'API Test Player', '2026-02-08T07:19:05.522Z', NULL, NULL, 'active', NULL, NULL, false, NULL, NULL),
('57e2ab99-0305-4e77-8838-a61f9f8ca552', 'user_mock_123', 'API Test Player', '2026-02-08T07:38:12.017Z', NULL, NULL, 'active', NULL, NULL, false, NULL, NULL),
('a6a9ba58-1c1e-4911-b66b-c480ce303b91', 'user_39eBXvl68Fa02uDF5fQqQ8fJ0d2', 'Sipho', '2026-02-14T04:55:16.976Z', NULL, NULL, 'active', NULL, NULL, false, NULL, NULL),
('578505f0-0360-4390-b444-508fa450dfe5', 'user_39eBXvl68Fa02uDF5fQqQ8fJ0d2', 'Ryder', '2026-02-14T04:55:34.603Z', NULL, NULL, 'active', NULL, NULL, false, NULL, NULL),
('da6421ba-cbc0-40e4-adc0-2c4aede682aa', 'user_39eBXvl68Fa02uDF5fQqQ8fJ0d2', 'Raphael', '2026-02-14T04:55:44.042Z', NULL, NULL, 'active', NULL, NULL, false, NULL, NULL),
('03061941-1ee7-4115-b66e-2966b26f9cd3', 'user_39eBXvl68Fa02uDF5fQqQ8fJ0d2', 'Lele', '2026-02-14T07:42:03.875Z', NULL, NULL, 'active', NULL, NULL, false, NULL, NULL),
('79838a6a-1177-4fc6-8a05-dc6e70b8b202', 'user_39eBXvl68Fa02uDF5fQqQ8fJ0d2', 'Alan', '2026-02-14T07:47:06.703Z', NULL, NULL, 'active', NULL, NULL, false, NULL, NULL),
('9aa54f15-b19c-4ca3-a40b-03179e83d715', 'user_mock_123', 'API Test Player', '2026-02-08T07:47:54.199Z', NULL, NULL, 'active', NULL, NULL, false, NULL, NULL),
('54c8e69a-760f-497c-b036-67c80142abb2', 'user_mock_123', 'API Test Player', '2026-02-08T13:54:15.830Z', NULL, NULL, 'active', NULL, NULL, false, NULL, NULL),
('097a0d07-7a0c-48c4-a3a8-af4f1cfd355e', 'user_mock_123', 'API Test Player', '2026-02-08T13:54:41.832Z', NULL, NULL, 'active', NULL, NULL, false, NULL, NULL)
ON CONFLICT ("id") DO NOTHING;

-- team_memberships
INSERT INTO "team_memberships" ("id", "team_id", "athlete_id", "number", "start_date", "end_date", "is_active", "community_id", "created_by", "notes") VALUES
('2ba56e70-298d-4936-be83-21bc6efc94cc', '4bd7e20e-1417-4725-ade7-252797c144df', 'c5c8ab38-14b9-4522-aa40-1fc5391dfe2c', '23', '2026-02-08T00:00:00.000Z', NULL, true, NULL, NULL, NULL),
('af2c0b7c-d1f6-4a51-a5f1-4cc5aece3700', '4bd7e20e-1417-4725-ade7-252797c144df', 'dd77c5aa-753d-4fd2-a181-b01f86d5f54c', '3', '2026-02-08T00:00:00.000Z', NULL, true, NULL, NULL, NULL),
('7891f448-d647-4b14-9038-f9e98bffee2e', '4bd7e20e-1417-4725-ade7-252797c144df', '267ead09-795b-462f-b574-bc06389edc95', '15', '2026-02-08T00:00:00.000Z', NULL, true, NULL, NULL, NULL),
('4401889c-5d2d-4177-8b7b-b0ed2c5f7488', 'f5bc5e85-223e-4cc8-941a-58983ee11577', '126ccf11-33a2-4355-8654-0be63c98daa7', '0', '2026-02-08T00:00:00.000Z', NULL, true, NULL, NULL, NULL),
('1ab70277-c4a0-4a2b-9724-a2d8f6a28728', 'f5bc5e85-223e-4cc8-941a-58983ee11577', 'cd057802-15c5-4088-9607-28c1a90d2cfd', '7', '2026-02-08T00:00:00.000Z', NULL, true, NULL, NULL, NULL),
('008a69d9-fcff-4d2d-aa4a-bb15244de9e3', 'f5bc5e85-223e-4cc8-941a-58983ee11577', '5d35ffb7-ded8-4a44-8f97-b1b634ac4f0b', '8', '2026-02-08T00:00:00.000Z', NULL, true, NULL, NULL, NULL),
('f6234d7d-57aa-4999-849c-a5f6c940e6ec', 'f5bc5e85-223e-4cc8-941a-58983ee11577', 'f8ff5fe6-3af8-4d61-8a96-df3ca389bf7a', '9', '2026-02-08T00:00:00.000Z', NULL, true, NULL, NULL, NULL),
('9d961c54-9593-446e-b7ea-c8d8eb97d8de', 'bd9742a9-897f-4890-9305-fcf55939fc7e', 'c9bc13e1-2d34-431e-b816-d2a2868b4b41', '30', '2026-02-08T00:00:00.000Z', NULL, true, NULL, NULL, NULL),
('d468a49d-e38d-480e-a55d-8a55417a0909', 'bd9742a9-897f-4890-9305-fcf55939fc7e', '8b7d4951-dc4e-4849-bea1-335906ba999e', '11', '2026-02-08T00:00:00.000Z', NULL, true, NULL, NULL, NULL),
('6daaef67-888b-4c7a-a47d-9a04bd9c7a78', 'bd9742a9-897f-4890-9305-fcf55939fc7e', 'e9961a05-deca-45c2-b37e-599f6e3806d3', '23', '2026-02-08T00:00:00.000Z', NULL, true, NULL, NULL, NULL),
('403f3de9-1ee8-4068-b07b-7e32b53be412', 'cb4c2674-1794-450d-9843-710ce5405cae', 'e666aeb7-258b-429a-9beb-a758f502f908', '8', '2026-02-08T00:00:00.000Z', NULL, true, NULL, 'user_39Onr5mZrznDcpLxhjlFw8WiyKe', NULL),
('6bb74af1-6098-47b4-8e83-d1bd70717bc2', 'cb4c2674-1794-450d-9843-710ce5405cae', '27fe41bb-8c95-435e-916a-40be4a5d22bb', '1', '2026-02-08T00:00:00.000Z', NULL, true, NULL, 'user_39Onr5mZrznDcpLxhjlFw8WiyKe', NULL),
('4c514cb5-e285-41f9-ac42-b7b41000b460', 'cb4c2674-1794-450d-9843-710ce5405cae', '3c5cc46c-c24d-46ea-be19-10c8ff5add6b', '9', '2026-02-08T00:00:00.000Z', NULL, true, NULL, 'user_39Onr5mZrznDcpLxhjlFw8WiyKe', NULL),
('16e5e91f-be58-45b2-a0c1-bde4b2fb6c02', 'cb4c2674-1794-450d-9843-710ce5405cae', '58a6fb3e-2008-48c1-8523-ed35264141e7', '10', '2026-02-08T00:00:00.000Z', NULL, true, NULL, 'user_39Onr5mZrznDcpLxhjlFw8WiyKe', NULL),
('9d0b97ea-d056-4da7-a93a-02ea42d57ccc', 'cb4c2674-1794-450d-9843-710ce5405cae', 'd7d50a7c-6a0e-4a2e-b310-fadcad361173', '12', '2026-02-08T00:00:00.000Z', NULL, true, NULL, 'user_39Onr5mZrznDcpLxhjlFw8WiyKe', NULL),
('be37b75b-0586-4930-a0a8-f4692fd97aac', 'bd9742a9-897f-4890-9305-fcf55939fc7e', 'c733d9cf-132a-4dff-86d1-9e0286b3ac86', '333', '2026-02-08T00:00:00.000Z', NULL, true, NULL, NULL, NULL),
('df55295a-7bc4-4bc1-a774-c9fd19f15794', 'cb4c2674-1794-450d-9843-710ce5405cae', 'b38d2a5d-b7c9-48d2-80a4-1c58fe5a727f', '4', '2026-02-08T00:00:00.000Z', NULL, true, NULL, 'user_39Onr5mZrznDcpLxhjlFw8WiyKe', NULL),
('3ab99eaa-bbdf-4ee2-abb1-2549e7400738', 'cb4c2674-1794-450d-9843-710ce5405cae', 'f3522fae-b230-4dad-b585-6f3446dbbd9b', '11', '2026-02-08T00:00:00.000Z', NULL, true, NULL, 'user_39Onr5mZrznDcpLxhjlFw8WiyKe', NULL),
('58787ba7-08aa-4fcc-ab91-40a4bb422590', 'cb4c2674-1794-450d-9843-710ce5405cae', '2bbf681b-37dd-43e5-aaae-d5c12e58e929', '5', '2026-02-08T00:00:00.000Z', NULL, true, NULL, 'user_39Onr5mZrznDcpLxhjlFw8WiyKe', NULL),
('13d68a13-6089-4c69-9fa8-28456e35c424', 'cb4c2674-1794-450d-9843-710ce5405cae', 'd63fba81-c7f0-4b3f-9409-ffacd8aef7c3', '15', '2026-02-10T00:00:00.000Z', NULL, true, 'add04673-5758-4269-af67-9a5b523a25ed', 'user_39Onr5mZrznDcpLxhjlFw8WiyKe', NULL),
('88a88e90-da77-4b56-9d01-672163860460', '2f485f14-af5c-4d8f-9ee7-32d193b72939', '27fe41bb-8c95-435e-916a-40be4a5d22bb', '1', '2026-02-14T00:00:00.000Z', NULL, true, NULL, 'user_39eBXvl68Fa02uDF5fQqQ8fJ0d2', NULL),
('73c90e4e-ae99-4667-b0f3-5c6375119a3c', '2f485f14-af5c-4d8f-9ee7-32d193b72939', '0aabc7df-05a5-4a26-b934-db6f750a7059', '5', '2026-02-14T00:00:00.000Z', NULL, true, NULL, 'user_39eBXvl68Fa02uDF5fQqQ8fJ0d2', NULL),
('b8ab25a4-91cb-4c38-b133-0020a9b8cee5', 'bd9742a9-897f-4890-9305-fcf55939fc7e', '092fec20-b461-44d0-9fdf-ab847a2a2615', '33', '2026-02-08T00:00:00.000Z', NULL, true, NULL, NULL, NULL),
('21273ac9-bee8-4482-b364-d10aca100cb8', '2f485f14-af5c-4d8f-9ee7-32d193b72939', 'e666aeb7-258b-429a-9beb-a758f502f908', '8', '2026-02-14T00:00:00.000Z', NULL, true, NULL, 'user_39eBXvl68Fa02uDF5fQqQ8fJ0d2', NULL),
('e370f407-f799-48eb-8601-844e2f8dedb9', '2f485f14-af5c-4d8f-9ee7-32d193b72939', 'd7d50a7c-6a0e-4a2e-b310-fadcad361173', '12', '2026-02-14T00:00:00.000Z', NULL, true, NULL, 'user_39eBXvl68Fa02uDF5fQqQ8fJ0d2', NULL),
('f1ca929a-c926-4683-bbd0-1ebbdbef88a0', '2f485f14-af5c-4d8f-9ee7-32d193b72939', 'b38d2a5d-b7c9-48d2-80a4-1c58fe5a727f', '4', '2026-02-14T00:00:00.000Z', NULL, true, NULL, 'user_39eBXvl68Fa02uDF5fQqQ8fJ0d2', NULL),
('f1e2e140-b827-4bef-9ed4-d922d499f558', '2f485f14-af5c-4d8f-9ee7-32d193b72939', 'f3522fae-b230-4dad-b585-6f3446dbbd9b', '11', '2026-02-14T00:00:00.000Z', NULL, true, NULL, 'user_39eBXvl68Fa02uDF5fQqQ8fJ0d2', NULL),
('d18f747a-12c0-473b-9ab8-38143c54cd49', '2f485f14-af5c-4d8f-9ee7-32d193b72939', '58a6fb3e-2008-48c1-8523-ed35264141e7', '10', '2026-02-14T00:00:00.000Z', NULL, true, NULL, 'user_39eBXvl68Fa02uDF5fQqQ8fJ0d2', NULL),
('c31fdac1-e094-49c6-b1df-5298cbab3e51', '2f485f14-af5c-4d8f-9ee7-32d193b72939', '3c5cc46c-c24d-46ea-be19-10c8ff5add6b', '9', '2026-02-14T00:00:00.000Z', NULL, true, NULL, 'user_39eBXvl68Fa02uDF5fQqQ8fJ0d2', NULL),
('31c32c31-1bd9-4016-9cd0-2a5911958c84', '2f485f14-af5c-4d8f-9ee7-32d193b72939', 'd63fba81-c7f0-4b3f-9409-ffacd8aef7c3', '15', '2026-02-14T00:00:00.000Z', NULL, true, NULL, 'user_39eBXvl68Fa02uDF5fQqQ8fJ0d2', NULL),
('d0397a02-c68c-489f-abfd-d08782396260', '2f485f14-af5c-4d8f-9ee7-32d193b72939', '7c048128-6edd-4729-9978-9b7fa6c9e7de', '18', '2026-02-14T00:00:00.000Z', NULL, true, NULL, 'user_39eBXvl68Fa02uDF5fQqQ8fJ0d2', NULL),
('a37b7e20-92ae-48d6-9c7a-5cbbc592e701', '2f485f14-af5c-4d8f-9ee7-32d193b72939', '0dbf074a-69d8-4e7f-984d-d908b24366a3', '6', '2026-02-14T00:00:00.000Z', NULL, true, NULL, 'user_39eBXvl68Fa02uDF5fQqQ8fJ0d2', NULL),
('3567c0cd-942a-4644-92ac-d2af22eed5df', 'b1498bd1-dbd3-472b-b5c3-665353e9964c', '585ca38f-a9d7-42df-8e1c-0b170b68b84f', '3', '2026-02-14T00:00:00.000Z', NULL, true, NULL, 'user_39eBXvl68Fa02uDF5fQqQ8fJ0d2', NULL),
('68fca0ad-861e-4693-9f23-bddf7dff9e39', 'b1498bd1-dbd3-472b-b5c3-665353e9964c', 'a99d1aa9-99dc-4317-b4eb-7a634e02264c', '2', '2026-02-14T00:00:00.000Z', NULL, true, NULL, 'user_39eBXvl68Fa02uDF5fQqQ8fJ0d2', NULL),
('08a44275-1102-47e7-8087-5c074ab74e8e', 'b1498bd1-dbd3-472b-b5c3-665353e9964c', 'f0d04872-ad81-4115-8ede-e65b9cc0eef0', '4', '2026-02-14T00:00:00.000Z', NULL, true, NULL, 'user_39eBXvl68Fa02uDF5fQqQ8fJ0d2', NULL),
('5fbbca84-cbea-45c8-ae6e-ec3335bea3e3', 'b1498bd1-dbd3-472b-b5c3-665353e9964c', '48e0de19-ebb3-4ae1-9447-abd28989e568', '', '2026-02-14T00:00:00.000Z', NULL, true, NULL, 'user_39eBXvl68Fa02uDF5fQqQ8fJ0d2', NULL),
('c5a18356-8d6f-445e-aae6-4e90d23323bb', 'b1498bd1-dbd3-472b-b5c3-665353e9964c', 'a7ee48b2-cfc2-4dd3-8d16-0dc8715ab41a', '5', '2026-02-14T00:00:00.000Z', NULL, true, NULL, 'user_39eBXvl68Fa02uDF5fQqQ8fJ0d2', NULL),
('d3a913ac-5889-471d-8e59-d2149dba35b7', 'b1498bd1-dbd3-472b-b5c3-665353e9964c', '7e0916c1-0440-4590-8cc8-fac0c68ebb8a', '6', '2026-02-14T00:00:00.000Z', NULL, true, NULL, 'user_39eBXvl68Fa02uDF5fQqQ8fJ0d2', NULL),
('f1ad63e9-b124-45b9-bfb1-729b9d6a58e8', 'b1498bd1-dbd3-472b-b5c3-665353e9964c', '8a0f7ef1-c010-41ab-bd47-bf11eb228d69', '7', '2026-02-14T00:00:00.000Z', NULL, true, NULL, 'user_39eBXvl68Fa02uDF5fQqQ8fJ0d2', NULL),
('248cf4c7-1d7f-406c-8e31-28f212ac9627', 'b1498bd1-dbd3-472b-b5c3-665353e9964c', '21ee67b2-8ade-45d3-9aaa-e71138fc6a06', '9', '2026-02-14T00:00:00.000Z', NULL, true, NULL, 'user_39eBXvl68Fa02uDF5fQqQ8fJ0d2', NULL),
('2cbc8c92-36f5-4995-9b41-a8c7b04a8351', 'b1498bd1-dbd3-472b-b5c3-665353e9964c', 'fa7eb219-e302-40a1-9fc2-bd26d0a9b24a', '10', '2026-02-14T00:00:00.000Z', NULL, true, NULL, 'user_39eBXvl68Fa02uDF5fQqQ8fJ0d2', NULL),
('452c6669-400c-4d69-b684-03ded0426f7c', 'b1498bd1-dbd3-472b-b5c3-665353e9964c', 'a6a9ba58-1c1e-4911-b66b-c480ce303b91', '12', '2026-02-14T00:00:00.000Z', NULL, true, NULL, 'user_39eBXvl68Fa02uDF5fQqQ8fJ0d2', NULL),
('2249bfca-fa7c-4ca1-a904-0aabe0b2a96d', 'b1498bd1-dbd3-472b-b5c3-665353e9964c', '578505f0-0360-4390-b444-508fa450dfe5', '16', '2026-02-14T00:00:00.000Z', NULL, true, NULL, 'user_39eBXvl68Fa02uDF5fQqQ8fJ0d2', NULL),
('0cd18106-67e6-4a5f-9286-3558f9bcc273', 'b1498bd1-dbd3-472b-b5c3-665353e9964c', 'da6421ba-cbc0-40e4-adc0-2c4aede682aa', '17', '2026-02-14T00:00:00.000Z', NULL, true, NULL, 'user_39eBXvl68Fa02uDF5fQqQ8fJ0d2', NULL),
('f80ff4fe-c6b6-41c4-8821-69c078ca6748', '2f485f14-af5c-4d8f-9ee7-32d193b72939', '03061941-1ee7-4115-b66e-2966b26f9cd3', '7', '2026-02-14T00:00:00.000Z', NULL, true, '2c32ef49-92c1-4d0b-886f-df9997626af0', 'user_39eBXvl68Fa02uDF5fQqQ8fJ0d2', NULL),
('fcb889d1-2494-4e97-bc17-b0f882175ffd', 'cefb704b-9126-46ce-8c30-a6f1a6b573e3', '6e8a8fbd-21f4-42f3-8aac-b2f4b7f132f1', '111', '2026-02-08T00:00:00.000Z', NULL, true, NULL, NULL, NULL),
('a68ca6f7-4e9c-46b9-8473-bf38d9e65d49', 'cefb704b-9126-46ce-8c30-a6f1a6b573e3', '3861fd06-be62-4298-ba1c-db71a303f8b6', '222', '2026-02-08T00:00:00.000Z', NULL, true, NULL, NULL, NULL),
('2e61619f-d0c1-4897-a102-ea4b81f8627c', 'cefb704b-9126-46ce-8c30-a6f1a6b573e3', '0f72601f-7db5-424c-82eb-b6db7af85d77', '333', '2026-02-08T00:00:00.000Z', NULL, true, NULL, NULL, NULL),
('80f00540-f29f-4d31-93a1-204dc7dd1694', 'cefb704b-9126-46ce-8c30-a6f1a6b573e3', '1eeb707a-e6ec-4e57-8fd5-675a9c0b42f3', '444', '2026-02-08T00:00:00.000Z', NULL, true, NULL, NULL, NULL),
('96df1472-6997-482a-a9f9-d54250c62e30', 'cefb704b-9126-46ce-8c30-a6f1a6b573e3', '52542059-33f6-45fc-8b2a-e79b83472445', '', '2026-02-08T00:00:00.000Z', NULL, true, NULL, NULL, NULL),
('ce1489e8-fe94-4b4f-89f5-343471ec2704', 'cefb704b-9126-46ce-8c30-a6f1a6b573e3', '8b7932eb-b0c5-4acb-bb51-24de25fc36f9', '666', '2026-02-08T00:00:00.000Z', NULL, true, NULL, NULL, NULL),
('9e4a76ef-e0a3-4534-8bee-11beaeea107c', 'bd9742a9-897f-4890-9305-fcf55939fc7e', 'f62af3d3-991b-4ad8-89be-77ca57dac2b6', '23453', '2026-02-08T00:00:00.000Z', NULL, true, NULL, NULL, NULL),
('04e2cd9b-1184-4bed-b5a2-123d365f295f', '2f485f14-af5c-4d8f-9ee7-32d193b72939', '79838a6a-1177-4fc6-8a05-dc6e70b8b202', '13', '2026-02-14T00:00:00.000Z', NULL, true, '2c32ef49-92c1-4d0b-886f-df9997626af0', 'user_39eBXvl68Fa02uDF5fQqQ8fJ0d2', NULL)
ON CONFLICT ("id") DO NOTHING;

